{"train_loss": 0.0806726955063641, "train_jaccard": 0.07532145410776138, "val_loss": 0.06620356840391954, "val_jaccard": 0.07810658852259318, "lr": 0.0005, "_runtime": 97, "_timestamp": 1639210954, "_step": 0}