{"train_loss": 0.3934048143774271, "train_jaccard": 0.6336445583403111, "val_loss": 0.3951473383108775, "val_jaccard": 0.6262972640991211, "lr": 5.000000000000002e-09, "_runtime": 4501, "_timestamp": 1639215600, "_step": 49, "_wandb": {"runtime": 4502}}